{
  "sources": [
    {
      "type": "paletted_permutations",
      "textures": [
		"trims/models/armor/coast",
		"trims/models/armor/coast_leggings",
		"trims/models/armor/sentry",
		"trims/models/armor/sentry_leggings",
		"trims/models/armor/dune",
		"trims/models/armor/dune_leggings",
		"trims/models/armor/wild",
		"trims/models/armor/wild_leggings",
		"trims/models/armor/ward",
		"trims/models/armor/ward_leggings",
		"trims/models/armor/eye",
		"trims/models/armor/eye_leggings",
		"trims/models/armor/vex",
		"trims/models/armor/vex_leggings",
		"trims/models/armor/tide",
		"trims/models/armor/tide_leggings",
		"trims/models/armor/snout",
 		"trims/models/armor/snout_leggings",
		"trims/models/armor/rib",
		"trims/models/armor/rib_leggings",
		"trims/models/armor/spire",
		"trims/models/armor/spire_leggings",
 		"trims/models/armor/wayfinder",
		"trims/models/armor/wayfinder_leggings",
		"trims/models/armor/shaper",
		"trims/models/armor/shaper_leggings",
		"trims/models/armor/silence",
		"trims/models/armor/silence_leggings",
		"trims/models/armor/raiser",
		"trims/models/armor/raiser_leggings",
		"trims/models/armor/host",
		"trims/models/armor/host_leggings",
		
		"trimsexpanded:trims/models/armor/drip",
		"trimsexpanded:trims/models/armor/drip_leggings",
		"trimsexpanded:trims/models/armor/suspicious",
		"trimsexpanded:trims/models/armor/suspicious_leggings",
		"trimsexpanded:trims/models/armor/plated",
		"trimsexpanded:trims/models/armor/plated_leggings",
		"trimsexpanded:trims/models/armor/danger",
		"trimsexpanded:trims/models/armor/danger_leggings",
		"trimsexpanded:trims/models/armor/shell",
		"trimsexpanded:trims/models/armor/shell_leggings",
		
		"trims/models/armor/frost",
        "trims/models/armor/frost_leggings"
      ],
      "palette_key": "trims/color_palettes/trim_palette",
      "permutations": {
        "quartz": "trims/color_palettes/quartz",
        "iron": "trims/color_palettes/iron",
        "gold": "trims/color_palettes/gold",
        "diamond": "trims/color_palettes/diamond",
        "netherite": "trims/color_palettes/netherite",
        "redstone": "trims/color_palettes/redstone",
        "copper": "trims/color_palettes/copper",
        "emerald": "trims/color_palettes/emerald",
        "lapis": "trims/color_palettes/lapis",
        "amethyst": "trims/color_palettes/amethyst",
		"iron_darker": "trims/color_palettes/iron_darker",
        "gold_darker": "trims/color_palettes/gold_darker",
        "diamond_darker": "trims/color_palettes/diamond_darker",
        "netherite_darker": "trims/color_palettes/netherite_darker",
		"coal": "trimsexpanded:trims/color_palettes/coal",
		"dragon": "trimsexpanded:trims/color_palettes/dragon",
		"echo": "trimsexpanded:trims/color_palettes/echo",
		"ender": "trimsexpanded:trims/color_palettes/ender",
		"flame": "trimsexpanded:trims/color_palettes/flame",
		"glowstone": "trimsexpanded:trims/color_palettes/glowstone",
		"leather": "trimsexpanded:trims/color_palettes/leather",
		"netherbrick": "trimsexpanded:trims/color_palettes/netherbrick",
		"prismarine": "trimsexpanded:trims/color_palettes/prismarine",
		"rabbit": "trimsexpanded:trims/color_palettes/rabbit",
		"rainbow": "trimsexpanded:trims/color_palettes/rainbow",
		"slime": "trimsexpanded:trims/color_palettes/slime"
      }
    }
  ]
}
