{
  "parent": "minecraft:item/generated",
  "overrides": [
    {
      "model": "minecraft:item/chainmail_leggings_quartz_trim",
      "predicate": {
        "trim_type": 0.1
      }
    },
	{
      "model": "minecraft:item/chainmail_leggings_iron_trim",
      "predicate": {
        "trim_type": 0.2
      }
    },
    {
      "model": "minecraft:item/chainmail_leggings_netherite_trim",
      "predicate": {
        "trim_type": 0.3
      }
    },
    {
      "model": "minecraft:item/chainmail_leggings_redstone_trim",
      "predicate": {
        "trim_type": 0.4
      }
    },
    {
      "model": "minecraft:item/chainmail_leggings_copper_trim",
      "predicate": {
        "trim_type": 0.5
      }
    },
    {
      "model": "minecraft:item/chainmail_leggings_gold_trim",
      "predicate": {
        "trim_type": 0.6
      }
    },
    {
      "model": "minecraft:item/chainmail_leggings_emerald_trim",
      "predicate": {
        "trim_type": 0.7
      }
    },
    {
      "model": "minecraft:item/chainmail_leggings_diamond_trim",
      "predicate": {
        "trim_type": 0.8
      }
    },
	{
      "model": "trimsexpanded:item/chainmail_leggings_coal_trim",
      "predicate": {
        "trim_type": 0.81
      }
    },
	{
      "model": "trimsexpanded:item/chainmail_leggings_echo_trim",
      "predicate": {
        "trim_type": 0.82
      }
    },
    {
      "model": "trimsexpanded:item/chainmail_leggings_ender_trim",
      "predicate": {
        "trim_type": 0.83
      }
    },
	{
      "model": "trimsexpanded:item/chainmail_leggings_glowstone_trim",
      "predicate": {
        "trim_type": 0.84
      }
    },
	{
      "model": "trimsexpanded:item/chainmail_leggings_leather_trim",
      "predicate": {
        "trim_type": 0.85
      }
    },
	{
      "model": "trimsexpanded:item/chainmail_leggings_netherbrick_trim",
      "predicate": {
        "trim_type": 0.86
      }
    },
	{
      "model": "trimsexpanded:item/chainmail_leggings_prismarine_trim",
      "predicate": {
        "trim_type": 0.87
      }
    },
	{
      "model": "trimsexpanded:item/chainmail_leggings_rabbit_trim",
      "predicate": {
        "trim_type": 0.88
      }
    },
	{
      "model": "trimsexpanded:item/chainmail_leggings_slime_trim",
      "predicate": {
        "trim_type": 0.89
      }
    },
	{
      "model": "trimsexpanded:item/chainmail_leggings_flame_trim",
      "predicate": {
        "trim_type": 0.891
      }
    },
	{
      "model": "trimsexpanded:item/chainmail_leggings_dragon_trim",
      "predicate": {
        "trim_type": 0.892
      }
    },
	{
      "model": "trimsexpanded:item/chainmail_leggings_rainbow_trim",
      "predicate": {
        "trim_type": 0.893
      }
    },
    {
      "model": "minecraft:item/chainmail_leggings_lapis_trim",
      "predicate": {
        "trim_type": 0.9
      }
    },
	{
      "model": "trimsexpanded:item/chainmail_leggings_flame_trim",
      "predicate": {
        "trim_type": 0.91
      }
    },
	{
      "model": "trimsexpanded:item/chainmail_leggings_dragon_trim",
      "predicate": {
        "trim_type": 0.92
      }
    },
    {
      "model": "minecraft:item/chainmail_leggings_amethyst_trim",
      "predicate": {
        "trim_type": 1.0
      }
    }
  ],
  "textures": {
    "layer0": "minecraft:item/chainmail_leggings"
  }
}
