{
  "parent": "minecraft:item/handheld",
  "textures": {
    "layer0": "minecraft:item/netherite_hoe"
  },
  "overrides": [
	{
      "model": "trimmable_tools:item/netherite_hoe_quartz_trim",
      "predicate": {
        "trim_type": 0.1
      }
    },
	{
      "model": "trimmable_tools:item/netherite_hoe_iron_trim",
      "predicate": {
        "trim_type": 0.2
      }
    },
    {
      "model": "trimmable_tools:item/netherite_hoe_netherite_darker_trim",
      "predicate": {
        "trim_type": 0.3
      }
    },
    {
      "model": "trimmable_tools:item/netherite_hoe_redstone_trim",
      "predicate": {
        "trim_type": 0.4
      }
    },
    {
      "model": "trimmable_tools:item/netherite_hoe_copper_trim",
      "predicate": {
        "trim_type": 0.5
      }
    },
    {
      "model": "trimmable_tools:item/netherite_hoe_gold_trim",
      "predicate": {
        "trim_type": 0.6
      }
    },
    {
      "model": "trimmable_tools:item/netherite_hoe_emerald_trim",
      "predicate": {
        "trim_type": 0.7
      }
    },
    {
      "model": "trimmable_tools:item/netherite_hoe_diamond_trim",
      "predicate": {
        "trim_type": 0.8
      }
    },
	{
      "model": "trimsexpanded:item/netherite_hoe_coal_trim",
      "predicate": {
        "trim_type": 0.81
      }
    },
	{
      "model": "trimsexpanded:item/netherite_hoe_echo_trim",
      "predicate": {
        "trim_type": 0.82
      }
    },
    {
      "model": "trimsexpanded:item/netherite_hoe_ender_trim",
      "predicate": {
        "trim_type": 0.83
      }
    },
	{
      "model": "trimsexpanded:item/netherite_hoe_glowstone_trim",
      "predicate": {
        "trim_type": 0.84
      }
    },
	{
      "model": "trimsexpanded:item/netherite_hoe_leather_trim",
      "predicate": {
        "trim_type": 0.85
      }
    },
	{
      "model": "trimsexpanded:item/netherite_hoe_netherbrick_trim",
      "predicate": {
        "trim_type": 0.86
      }
    },
	{
      "model": "trimsexpanded:item/netherite_hoe_prismarine_trim",
      "predicate": {
        "trim_type": 0.87
      }
    },
	{
      "model": "trimsexpanded:item/netherite_hoe_rabbit_trim",
      "predicate": {
        "trim_type": 0.88
      }
    },
	{
      "model": "trimsexpanded:item/netherite_hoe_slime_trim",
      "predicate": {
        "trim_type": 0.89
      }
    },
	{
      "model": "trimsexpanded:item/netherite_hoe_flame_trim",
      "predicate": {
        "trim_type": 0.891
      }
    },
	{
      "model": "trimsexpanded:item/netherite_hoe_dragon_trim",
      "predicate": {
        "trim_type": 0.892
      }
    },
	{
      "model": "trimsexpanded:item/netherite_hoe_rainbow_trim",
      "predicate": {
        "trim_type": 0.893
      }
    },
	{
      "model": "trimmable_tools:item/netherite_hoe_lapis_trim",
      "predicate": {
        "trim_type": 0.9
      }
    },
    {
      "model": "trimmable_tools:item/netherite_hoe_amethyst_trim",
      "predicate": {
        "trim_type": 1.0
      }
    }
  ]
}
