{
  "parent": "minecraft:item/handheld",
  "textures": {
    "layer0": "minecraft:item/stone_shovel"
  },
  "overrides": [
	{
      "model": "trimmable_tools:item/stone_shovel_quartz_trim",
      "predicate": {
        "trim_type": 0.1
      }
    },
	{
      "model": "trimmable_tools:item/stone_shovel_iron_trim",
      "predicate": {
        "trim_type": 0.2
      }
    },
    {
      "model": "trimmable_tools:item/stone_shovel_netherite_trim",
      "predicate": {
        "trim_type": 0.3
      }
    },
    {
      "model": "trimmable_tools:item/stone_shovel_redstone_trim",
      "predicate": {
        "trim_type": 0.4
      }
    },
    {
      "model": "trimmable_tools:item/stone_shovel_copper_trim",
      "predicate": {
        "trim_type": 0.5
      }
    },
    {
      "model": "trimmable_tools:item/stone_shovel_gold_trim",
      "predicate": {
        "trim_type": 0.6
      }
    },
    {
      "model": "trimmable_tools:item/stone_shovel_emerald_trim",
      "predicate": {
        "trim_type": 0.7
      }
    },
    {
      "model": "trimmable_tools:item/stone_shovel_diamond_trim",
      "predicate": {
        "trim_type": 0.8
      }
    },
	{
      "model": "trimsexpanded:item/stone_shovel_coal_trim",
      "predicate": {
        "trim_type": 0.81
      }
    },
	{
      "model": "trimsexpanded:item/stone_shovel_echo_trim",
      "predicate": {
        "trim_type": 0.82
      }
    },
    {
      "model": "trimsexpanded:item/stone_shovel_ender_trim",
      "predicate": {
        "trim_type": 0.83
      }
    },
	{
      "model": "trimsexpanded:item/stone_shovel_glowstone_trim",
      "predicate": {
        "trim_type": 0.84
      }
    },
	{
      "model": "trimsexpanded:item/stone_shovel_leather_trim",
      "predicate": {
        "trim_type": 0.85
      }
    },
	{
      "model": "trimsexpanded:item/stone_shovel_netherbrick_trim",
      "predicate": {
        "trim_type": 0.86
      }
    },
	{
      "model": "trimsexpanded:item/stone_shovel_prismarine_trim",
      "predicate": {
        "trim_type": 0.87
      }
    },
	{
      "model": "trimsexpanded:item/stone_shovel_rabbit_trim",
      "predicate": {
        "trim_type": 0.88
      }
    },
	{
      "model": "trimsexpanded:item/stone_shovel_slime_trim",
      "predicate": {
        "trim_type": 0.89
      }
    },
	{
      "model": "trimsexpanded:item/stone_shovel_flame_trim",
      "predicate": {
        "trim_type": 0.891
      }
    },
	{
      "model": "trimsexpanded:item/stone_shovel_dragon_trim",
      "predicate": {
        "trim_type": 0.892
      }
    },
	{
      "model": "trimsexpanded:item/stone_shovel_rainbow_trim",
      "predicate": {
        "trim_type": 0.893
      }
    },
	{
      "model": "trimmable_tools:item/stone_shovel_lapis_trim",
      "predicate": {
        "trim_type": 0.9
      }
    },
    {
      "model": "trimmable_tools:item/stone_shovel_amethyst_trim",
      "predicate": {
        "trim_type": 1.0
      }
    }
  ]
}
