{
  "parent": "minecraft:item/handheld",
  "textures": {
    "layer0": "minecraft:item/wooden_axe"
  },
  "overrides": [
	{
      "model": "trimmable_tools:item/wooden_axe_quartz_trim",
      "predicate": {
        "trim_type": 0.1
      }
    },
	{
      "model": "trimmable_tools:item/wooden_axe_iron_trim",
      "predicate": {
        "trim_type": 0.2
      }
    },
    {
      "model": "trimmable_tools:item/wooden_axe_netherite_trim",
      "predicate": {
        "trim_type": 0.3
      }
    },
    {
      "model": "trimmable_tools:item/wooden_axe_redstone_trim",
      "predicate": {
        "trim_type": 0.4
      }
    },
    {
      "model": "trimmable_tools:item/wooden_axe_copper_trim",
      "predicate": {
        "trim_type": 0.5
      }
    },
    {
      "model": "trimmable_tools:item/wooden_axe_gold_trim",
      "predicate": {
        "trim_type": 0.6
      }
    },
    {
      "model": "trimmable_tools:item/wooden_axe_emerald_trim",
      "predicate": {
        "trim_type": 0.7
      }
    },
    {
      "model": "trimmable_tools:item/wooden_axe_diamond_trim",
      "predicate": {
        "trim_type": 0.8
      }
    },
	{
      "model": "trimsexpanded:item/wooden_axe_coal_trim",
      "predicate": {
        "trim_type": 0.81
      }
    },
	{
      "model": "trimsexpanded:item/wooden_axe_echo_trim",
      "predicate": {
        "trim_type": 0.82
      }
    },
    {
      "model": "trimsexpanded:item/wooden_axe_ender_trim",
      "predicate": {
        "trim_type": 0.83
      }
    },
	{
      "model": "trimsexpanded:item/wooden_axe_glowstone_trim",
      "predicate": {
        "trim_type": 0.84
      }
    },
	{
      "model": "trimsexpanded:item/wooden_axe_leather_trim",
      "predicate": {
        "trim_type": 0.85
      }
    },
	{
      "model": "trimsexpanded:item/wooden_axe_netherbrick_trim",
      "predicate": {
        "trim_type": 0.86
      }
    },
	{
      "model": "trimsexpanded:item/wooden_axe_prismarine_trim",
      "predicate": {
        "trim_type": 0.87
      }
    },
	{
      "model": "trimsexpanded:item/wooden_axe_rabbit_trim",
      "predicate": {
        "trim_type": 0.88
      }
    },
	{
      "model": "trimsexpanded:item/wooden_axe_slime_trim",
      "predicate": {
        "trim_type": 0.89
      }
    },
	{
      "model": "trimsexpanded:item/wooden_axe_flame_trim",
      "predicate": {
        "trim_type": 0.891
      }
    },
	{
      "model": "trimsexpanded:item/wooden_axe_dragon_trim",
      "predicate": {
        "trim_type": 0.892
      }
    },
	{
      "model": "trimsexpanded:item/wooden_axe_rainbow_trim",
      "predicate": {
        "trim_type": 0.893
      }
    },
	{
      "model": "trimmable_tools:item/wooden_axe_lapis_trim",
      "predicate": {
        "trim_type": 0.9
      }
    },
    {
      "model": "trimmable_tools:item/wooden_axe_amethyst_trim",
      "predicate": {
        "trim_type": 1.0
      }
    }
  ]
}
